"author","timestamp","sha","tools"
"adamjohnwright","2025-02-05 17:07:23+00:00","44ddcfe","[]"
"pauldwolfe","2025-02-05 20:44:16+00:00","60f9bd9","[]"
"pauldwolfe","2025-02-05 20:50:07+00:00","b5c5644","[]"
"kzuberi","2025-02-12 21:56:39+00:00","6765e8f","[]"
"kzuberi","2025-02-12 22:23:40+00:00","f85b9e5","[]"
"kzuberi","2025-02-19 15:48:06+00:00","a2b4d0f","[]"
"kzuberi","2025-02-19 16:00:03+00:00","1dce1fb","[]"
"kzuberi","2025-02-19 16:23:47+00:00","657d156","[]"
"kzuberi","2025-02-19 17:09:08+00:00","b56dbe5","[]"
"kzuberi","2025-02-25 18:38:42+00:00","ddd8b9c","[]"
"kzuberi","2025-02-26 18:24:04+00:00","9f7b969","[]"
"pauldwolfe","2025-02-26 20:04:15+00:00","f575590","[]"
"kzuberi","2025-03-03 02:32:11+00:00","05c7c5f","[]"
"pauldwolfe","2025-03-05 19:05:37+00:00","d576f8c","[]"
"kzuberi","2025-03-07 18:30:25+00:00","244788f","[]"
"kzuberi","2025-04-17 15:54:20+00:00","6e29f5f","[]"
"kzuberi","2025-05-03 14:12:38+00:00","4a2e648","[]"
"kzuberi","2025-05-03 15:24:17+00:00","83253a3","[]"
"kzuberi","2025-05-03 16:22:15+00:00","36232b0","[]"
"kzuberi","2025-05-04 21:39:02+00:00","005444d","[]"
"kzuberi","2025-05-04 22:25:57+00:00","afcb5c1","[]"
"pauldwolfe","2025-05-09 15:22:49+00:00","674d095","[]"
"pauldwolfe","2025-05-09 15:26:52+00:00","9540195","[]"
"pauldwolfe","2025-05-13 14:56:00+00:00","16806d2","[]"
"kzuberi","2025-05-21 14:44:18+00:00","e5a3fa9","[]"
"pauldwolfe","2025-05-21 14:51:28+00:00","7a64e23","[{""name"": ""local_tools"", ""categories"": [""Proteomics""]}]"
"pauldwolfe","2025-05-21 18:04:09+00:00","8b12f05","[{""name"": ""local_tools"", ""categories"": [""Proteomics""]}]"
"pauldwolfe","2025-05-21 18:04:54+00:00","e41e160","[]"
"kzuberi","2025-05-21 18:13:41+00:00","6ea8c05","[{""name"": ""local_tools"", ""categories"": [""Proteomics""]}]"
"kzuberi","2025-05-30 20:48:35+00:00","59e23e2","[{""name"": ""local_tools"", ""categories"": [""Proteomics""]}]"
"pauldwolfe","2025-06-03 16:42:01+00:00","d181b7e","[{""name"": ""local_tools"", ""categories"": [""Proteomics""]}]"
"pauldwolfe","2025-06-03 17:15:11+00:00","8c64e40","[{""name"": ""local_tools"", ""categories"": [""Proteomics""]}]"
"pauldwolfe","2025-06-03 17:16:16+00:00","3c60fe1","[{""name"": ""local_tools"", ""categories"": [""Proteomics""]}]"
"kzuberi","2025-06-03 18:01:23+00:00","ff9dc1c","[{""name"": ""local_tools"", ""categories"": [""Proteomics""]}]"
"kzuberi","2025-06-05 12:59:30+00:00","34e9550","[{""name"": ""local_tools"", ""categories"": [""Proteomics""]}]"
"kzuberi","2025-06-05 12:59:48+00:00","e5a47c2","[{""name"": ""local_tools"", ""categories"": [""Proteomics""]}]"
"kzuberi","2025-06-06 00:23:59+00:00","ed2387f","[{""name"": ""local_tools"", ""categories"": [""Proteomics""]}]"
"kzuberi","2025-06-06 13:51:04+00:00","8c3d9d5","[{""name"": ""local_tools"", ""categories"": [""Proteomics""]}]"
"kzuberi","2025-06-06 14:13:16+00:00","fa0c376","[{""name"": ""local_tools"", ""categories"": [""Proteomics""]}]"
"kzuberi","2025-06-06 16:26:27+00:00","736b4ce","[{""name"": ""local_tools"", ""categories"": [""Proteomics""]}]"
"kzuberi","2025-06-06 19:09:22+00:00","09742b0","[{""name"": ""local_tools"", ""categories"": [""Proteomics""]}]"
"adamjohnwright","2025-06-17 18:34:50+00:00","e1877f7","[]"
"kzuberi","2025-06-26 14:22:01+00:00","b52dda9","[{""name"": ""local_tools"", ""categories"": [""Proteomics""]}]"
"pauldwolfe","2025-07-02 15:51:35+00:00","102a0bb","[{""name"": ""local_tools"", ""categories"": [""Proteomics""]}]"
"pauldwolfe","2025-07-08 18:49:26+00:00","8f34058","[]"
"pauldwolfe","2025-07-16 17:31:46+00:00","8ca6423","[{""name"": ""local_tools"", ""categories"": [""Proteomics""]}]"
