"author","timestamp","categories","sha"
"yvanlebras","2019-01-23 17:01:11+00:00","","c4eb3e0"
"yvanlebras","2019-01-23 17:03:21+00:00","","cffcdab"
"bgruening","2019-01-23 19:12:26+00:00","","ef29af0"
"yvanlebras","2019-01-23 19:54:13+00:00","","ce890ea"
"bgruening","2019-01-26 21:22:48+00:00","","54fa405"
"yvanlebras","2019-01-27 07:28:59+00:00","","614885d"
"bgruening","2019-01-29 13:45:28+00:00","","6554969"
"Alanamosse","2019-02-25 21:56:00+00:00","Ecology","c96656a"
"bgruening","2019-02-25 21:57:43+00:00","Ecology","9a8be3d"
"bgruening","2019-02-25 22:07:39+00:00","Ecology","24590c4"
"bgruening","2019-02-25 22:32:11+00:00","Ecology","5fd76ff"
"bgruening","2019-02-26 16:08:56+00:00","Ecology","b964e8f"
"bgruening","2019-02-26 17:42:19+00:00","","b1f7ac7"
"Alanamosse","2019-02-27 14:57:51+00:00","Ecology","e533a16"
"Alanamosse","2019-02-28 08:29:32+00:00","Ecology","31f7fc3"
"Alanamosse","2019-02-28 09:21:35+00:00","Ecology","364a5d4"
"yvanlebras","2019-03-11 22:28:34+00:00","Ecology","e421810"
"Alanamosse","2019-03-13 15:01:51+00:00","Ecology","d2de8e1"
"Alanamosse","2019-04-26 15:56:43+00:00","Ecology","7ef0e58"
"Alanamosse","2019-05-23 13:43:47+00:00","Ecology","e37f100"
"yvanlebras","2019-06-05 12:41:35+00:00","Ecology","407d32b"
"Alanamosse","2019-06-05 17:30:08+00:00","Ecology","4707473"
"yvanlebras","2019-06-07 22:03:45+00:00","Ecology","421f0a8"
"","2019-06-12 13:01:17+00:00","","58a55e6"
"Alanamosse","2019-06-12 13:46:31+00:00","","d5e6479"
"Alanamosse","2019-06-13 07:39:11+00:00","Ecology","86f5b7c"
"Alanamosse","2019-06-13 15:04:16+00:00","Ecology","d2c064a"
"","2019-06-14 07:29:26+00:00","","810bb70"
"Alanamosse","2019-06-14 12:48:25+00:00","Ecology","8f11ecf"
"","2019-06-18 09:06:20+00:00","","a2e6754"
"","2019-06-18 12:39:11+00:00","","22de3b0"
"","2019-06-19 12:51:49+00:00","","5e02932"
"","2019-06-19 13:14:04+00:00","","e30675f"
"yvanlebras","2019-06-19 14:11:07+00:00","","cf64940"
"","2019-06-20 07:26:32+00:00","","a03056e"
"Alanamosse","2019-06-20 07:42:49+00:00","Ecology","ffe4222"
"Alanamosse","2019-06-20 10:33:49+00:00","Ecology","b8d429f"
"yvanlebras","2019-09-26 15:56:33+00:00","Ecology","7dd1a86"
"yvanlebras","2019-09-30 13:24:09+00:00","Ecology","2d3bd7c"
"yvanlebras","2019-09-30 13:49:25+00:00","Ecology","0810d6c"
"yvanlebras","2019-09-30 13:52:42+00:00","Ecology","9785ebf"
"yvanlebras","2019-09-30 13:53:30+00:00","Ecology","62aecad"
"yvanlebras","2019-09-30 13:56:06+00:00","Ecology","8b02b62"
"yvanlebras","2019-09-30 13:57:55+00:00","Ecology","caa51c5"
"yvanlebras","2019-09-30 14:00:59+00:00","Ecology","197e602"
"yvanlebras","2019-09-30 14:03:42+00:00","Ecology","fc7a2bd"
"yvanlebras","2019-09-30 14:04:54+00:00","Ecology","1cd746a"
"yvanlebras","2019-09-30 14:05:22+00:00","Ecology","4f76d03"
"yvanlebras","2019-09-30 14:23:00+00:00","Ecology","607b4f4"
"yvanlebras","2019-09-30 14:23:57+00:00","Ecology","a99f3da"
"yvanlebras","2019-09-30 14:24:24+00:00","Ecology","4ecc285"
"yvanlebras","2019-09-30 14:24:53+00:00","Ecology","3275ae8"
"yvanlebras","2019-09-30 14:25:24+00:00","Ecology","08ab3b9"
"yvanlebras","2019-09-30 14:26:21+00:00","Ecology","1fe8c7f"
"yvanlebras","2019-09-30 14:42:01+00:00","Ecology","e4e9a0c"
"yvanlebras","2019-11-30 21:24:13+00:00","","b86b95e"
"yvanlebras","2019-11-30 21:40:58+00:00","","d30ce62"
"yvanlebras","2019-12-02 16:25:51+00:00","","a900a53"
"yvanlebras","2019-12-19 14:34:17+00:00","","d7f8ece"
"yvanlebras","2019-12-19 16:34:17+00:00","","c56d840"
"yvanlebras","2019-12-19 16:36:03+00:00","","5ec567d"
"yvanlebras","2019-12-19 16:38:25+00:00","","9778f6a"
"yvanlebras","2019-12-19 16:46:28+00:00","","01ca970"
"yvanlebras","2019-12-19 16:46:43+00:00","","f9906a6"
"yvanlebras","2019-12-20 20:48:58+00:00","","fe17739"
"yvanlebras","2019-12-20 20:49:43+00:00","","a5815b3"
"yvanlebras","2019-12-20 20:49:57+00:00","","3d4b314"
"yvanlebras","2019-12-20 20:50:28+00:00","","d4a54fa"
"ColineRoyaux","2020-02-24 15:32:05+00:00","Ecology","8dc3a95"
"ColineRoyaux","2020-02-25 15:52:14+00:00","Ecology","29b9384"
"ColineRoyaux","2020-02-25 16:07:51+00:00","Ecology","eceb0e5"
"ColineRoyaux","2020-02-26 10:32:15+00:00","Ecology","f1b130f"
"ColineRoyaux","2020-02-26 10:42:58+00:00","Ecology","c867063"
"ColineRoyaux","2020-02-26 10:49:19+00:00","Ecology","a170950"
"ColineRoyaux","2020-02-26 11:08:01+00:00","Ecology","6d532ae"
"ColineRoyaux","2020-02-26 11:23:59+00:00","Ecology","5fa0fb2"
"ColineRoyaux","2020-02-26 14:06:04+00:00","Ecology","5f553aa"
"ColineRoyaux","2020-02-27 11:11:51+00:00","Ecology","fa39fa3"
"ColineRoyaux","2020-03-05 10:31:16+00:00","Ecology","b5f1fb9"
"ColineRoyaux","2020-03-05 14:17:29+00:00","Ecology","7a86d74"
"ColineRoyaux","2020-03-06 11:49:46+00:00","Ecology","1bf3050"
"ColineRoyaux","2020-03-06 11:55:11+00:00","Ecology","b5994b2"
"ColineRoyaux","2020-03-06 11:55:22+00:00","Ecology","76cc009"
"ColineRoyaux","2020-03-06 11:55:38+00:00","Ecology","ecc08a6"
"ColineRoyaux","2020-03-06 11:56:04+00:00","Ecology","133afef"
"ColineRoyaux","2020-03-06 11:56:18+00:00","Ecology","10b675f"
"yvanlebras","2020-03-06 16:13:09+00:00","Ecology","1955e4a"
"yvanlebras","2020-03-06 18:05:57+00:00","Ecology","6a4a3b7"
"ColineRoyaux","2020-03-10 12:54:39+00:00","Ecology","1cec340"
"ColineRoyaux","2020-03-10 13:07:46+00:00","Ecology","ef17246"
"ColineRoyaux","2020-03-10 13:23:13+00:00","Ecology","6cff965"
"ColineRoyaux","2020-03-11 13:46:49+00:00","Ecology","47001aa"
"yvanlebras","2020-03-18 08:41:42+00:00","Ecology","ffe0a8d"
"bgruening","2020-03-23 14:04:03+00:00","","8d2b6d5"
"bgruening","2020-03-24 15:45:07+00:00","","b218c4f"
"yvanlebras","2020-03-27 11:27:05+00:00","Ecology","d440610"
"yvanlebras","2020-03-27 12:52:25+00:00","Ecology","30f1079"
"yvanlebras","2020-03-27 12:56:13+00:00","Ecology","ed06aac"
"yvanlebras","2020-03-27 14:29:34+00:00","Ecology","a498e8f"
"yvanlebras","2020-03-27 14:56:20+00:00","Ecology","175dfa2"
"yvanlebras","2020-03-27 14:57:20+00:00","Ecology","d479197"
"yvanlebras","2020-03-27 14:58:47+00:00","Ecology","0422cc4"
"yvanlebras","2020-03-27 15:00:36+00:00","Ecology","86a2640"
"yvanlebras","2020-03-27 15:01:57+00:00","Ecology","508cb63"
"yvanlebras","2020-03-27 15:03:29+00:00","Ecology","822105d"
"yvanlebras","2020-03-27 16:19:05+00:00","Ecology","04e8f6b"
"yvanlebras","2020-03-27 17:26:00+00:00","Ecology","af8f508"
"yvanlebras","2020-03-27 17:26:38+00:00","Ecology","8a48823"
"yvanlebras","2020-03-27 17:27:26+00:00","Ecology","a31af87"
"yvanlebras","2020-03-27 20:26:14+00:00","Ecology","eb84919"
"yvanlebras","2020-03-27 20:29:51+00:00","Ecology","91d2948"
"yvanlebras","2020-03-27 20:58:59+00:00","Ecology","2b73468"
"yvanlebras","2020-03-27 21:12:36+00:00","Ecology","0fb743e"
"yvanlebras","2020-03-27 21:16:36+00:00","Ecology","7563e25"
"yvanlebras","2020-03-27 21:33:07+00:00","Ecology","803f037"
"yvanlebras","2020-03-27 21:39:54+00:00","Ecology","9f2d490"
"yvanlebras","2020-03-27 21:41:02+00:00","Ecology","5627d7c"
"yvanlebras","2020-03-27 21:42:01+00:00","Ecology","df222e4"
"yvanlebras","2020-04-01 15:05:51+00:00","","5d6ac3b"
"yvanlebras","2020-04-02 07:17:03+00:00","Ecology","f82f897"
"yvanlebras","2020-04-07 21:30:28+00:00","Ecology","5d749f3"
"yvanlebras","2020-04-07 21:33:20+00:00","Ecology","f35430b"
"yvanlebras","2020-05-05 15:29:26+00:00","","923339a"
"yvanlebras","2020-05-05 15:30:24+00:00","","9b0140e"
"yvanlebras","2020-05-05 15:31:54+00:00","","f1e3fd9"
"yvanlebras","2020-05-05 15:35:20+00:00","","fdefb65"
"yvanlebras","2020-05-05 15:36:30+00:00","","25ea3dc"
"yvanlebras","2020-05-05 19:45:31+00:00","Ecology","2b5e20a"
"","2020-05-06 15:33:37+00:00","","3c1f0df"
"ColineRoyaux","2020-05-07 12:19:25+00:00","Ecology","77eb289"
"","2020-05-07 21:44:39+00:00","","ff6a8e2"
"yvanlebras","2020-05-09 06:46:04+00:00","Ecology","3573ea1"
"yvanlebras","2020-05-09 10:53:15+00:00","Ecology","3cfe686"
"ColineRoyaux","2020-05-11 09:46:44+00:00","Ecology","c574489"
"ColineRoyaux","2020-05-11 10:10:50+00:00","Ecology","b5f3061"
"yvanlebras","2020-05-11 20:51:35+00:00","","634acf7"
"yvanlebras","2020-05-11 20:51:49+00:00","","8355b24"
"yvanlebras","2020-05-11 20:56:42+00:00","Ecology","21f6722"
"yvanlebras","2020-05-11 20:57:19+00:00","Ecology","d49a4da"
"","2020-05-12 20:29:32+00:00","","14a5231"
"","2020-05-12 21:04:31+00:00","","1695247"
"","2020-05-13 07:39:06+00:00","","4d8d848"
"","2020-05-13 08:26:21+00:00","","f24a104"
"","2020-05-13 12:19:04+00:00","","31accee"
"","2020-05-13 12:21:55+00:00","","da3f171"
"","2020-05-14 05:48:20+00:00","","1c57b1c"
"","2020-05-14 14:06:22+00:00","","9503943"
"","2020-05-14 17:52:42+00:00","","f033948"
"","2020-05-14 18:03:58+00:00","","ba4ff7a"
"","2020-05-15 16:27:12+00:00","","823c3ab"
"","2020-05-16 17:26:44+00:00","","2343fae"
"","2020-05-16 17:58:31+00:00","","995df47"
"yvanlebras","2020-05-16 19:11:32+00:00","Ecology","877905c"
"","2020-05-17 05:39:41+00:00","","c1b6b2e"
"","2020-05-17 07:30:12+00:00","","c04619b"
"yvanlebras","2020-05-18 06:32:24+00:00","Ecology","65f9643"
"yvanlebras","2020-05-18 12:17:30+00:00","Ecology","812c1c9"
"bgruening","2020-05-22 07:22:26+00:00","","2ac23e1"
"bgruening","2020-05-22 09:04:41+00:00","Ecology","f1455c1"
"yvanlebras","2020-05-26 12:19:25+00:00","Ecology","17135b8"
"yvanlebras","2020-05-26 13:32:00+00:00","Ecology","287e67a"
"ColineRoyaux","2020-06-05 10:24:43+00:00","","8e5ae06"
"ColineRoyaux","2020-06-06 13:18:52+00:00","","9a9a051"
"ColineRoyaux","2020-06-06 13:20:07+00:00","","57c2105"
"ColineRoyaux","2020-06-06 13:20:52+00:00","Ecology","ed0b332"
"ColineRoyaux","2020-06-09 14:07:52+00:00","Ecology","d04da03"
"ColineRoyaux","2020-06-09 14:09:07+00:00","","0995e89"
"ColineRoyaux","2020-06-09 14:09:45+00:00","","bc60a0a"
"ColineRoyaux","2020-06-09 14:10:08+00:00","Ecology","196c85d"
"ColineRoyaux","2020-06-16 18:01:00+00:00","Ecology","dca7d35"
"ColineRoyaux","2020-06-16 18:01:29+00:00","Ecology","631f9a6"
"ColineRoyaux","2020-06-16 18:01:47+00:00","Ecology","625956e"
"ColineRoyaux","2020-06-16 18:03:48+00:00","Ecology","27c6560"
"ColineRoyaux","2020-06-16 18:07:50+00:00","Ecology","e58e23d"
"ColineRoyaux","2020-06-17 09:13:41+00:00","Ecology","1d240d3"
"ColineRoyaux","2020-06-17 09:15:47+00:00","Ecology","e73e50d"
"ColineRoyaux","2020-06-17 09:16:02+00:00","Ecology","2fc903d"
"ColineRoyaux","2020-06-17 09:16:13+00:00","Ecology","682cd0d"
"ColineRoyaux","2020-06-17 09:16:27+00:00","Ecology","0d91f4f"
"ColineRoyaux","2020-06-17 09:16:46+00:00","Ecology","0216571"
"ColineRoyaux","2020-06-17 09:16:57+00:00","Ecology","7cf459d"
"ColineRoyaux","2020-06-17 09:25:06+00:00","Ecology","45f1e8b"
"ColineRoyaux","2020-06-17 09:25:48+00:00","Ecology","f0b0510"
"yvanlebras","2020-06-17 18:58:27+00:00","Ecology","1ee9593"
"yvanlebras","2020-06-17 18:59:00+00:00","Ecology","5cbc8b9"
"yvanlebras","2020-06-23 21:39:39+00:00","Ecology","0cf3aa4"
"ColineRoyaux","2020-06-30 07:57:05+00:00","Ecology","a54404a"
"ColineRoyaux","2020-06-30 11:31:08+00:00","Ecology","e99582c"
"ColineRoyaux","2020-07-08 15:47:42+00:00","Ecology","3e21bf4"
"ColineRoyaux","2020-07-13 09:52:51+00:00","Ecology","b98e999"
"yvanlebras","2020-07-13 12:33:25+00:00","Ecology","c8ecb92"
"yvanlebras","2020-07-16 10:14:20+00:00","Ecology","a929e2b"
"ColineRoyaux","2020-07-16 10:15:35+00:00","Ecology","11918e8"
"yvanlebras","2020-07-16 10:21:25+00:00","Ecology","b83073a"
"bgruening","2020-07-21 09:46:21+00:00","Ecology","07f1028"
"yvanlebras","2020-07-22 15:29:47+00:00","Ecology","a7eec62"
"yvanlebras","2020-07-22 15:31:31+00:00","Ecology","d9ebb4b"
"yvanlebras","2020-07-22 15:34:42+00:00","Ecology","a2ec21c"
"yvanlebras","2020-07-22 15:35:18+00:00","Ecology","30ad791"
"yvanlebras","2020-07-22 15:35:58+00:00","Ecology","2b2c44e"
"yvanlebras","2020-07-22 15:36:49+00:00","Ecology","edfaa44"
"yvanlebras","2020-07-22 20:32:06+00:00","Ecology","eabf9ff"
"yvanlebras","2020-07-27 13:31:32+00:00","Ecology","e8643d3"
"ColineRoyaux","2020-07-27 15:01:25+00:00","Ecology","d6e2456"
"yvanlebras","2020-09-02 07:41:05+00:00","Ecology","d3c2fa4"
"ColineRoyaux","2020-10-15 09:04:01+00:00","Ecology","2b21f1a"
"ColineRoyaux","2020-10-15 15:32:30+00:00","Ecology","184f6da"
"ColineRoyaux","2020-10-15 15:34:00+00:00","Ecology","f751996"
"yvanlebras","2020-10-15 16:28:55+00:00","Ecology","eee1aaf"
"yvanlebras","2020-10-20 15:57:39+00:00","Ecology","9d1c884"
"ColineRoyaux","2020-10-23 14:57:19+00:00","Ecology","199de34"
"ColineRoyaux","2020-10-26 09:07:49+00:00","Ecology","8585a3c"
"ColineRoyaux","2020-10-26 09:08:04+00:00","","509852f"
"bgruening","2020-10-31 09:55:57+00:00","","dca473c"
"bgruening","2020-10-31 09:57:03+00:00","Ecology","88ebac9"
"bgruening","2020-10-31 09:57:59+00:00","","2a5bfe2"
"bgruening","2020-10-31 10:24:20+00:00","","6570367"
"bgruening","2020-10-31 10:33:50+00:00","Ecology","36d1370"
"bgruening","2020-10-31 10:44:40+00:00","Ecology","5cdfeb9"
"bgruening","2020-10-31 10:57:55+00:00","Ecology","45b69f1"
"ColineRoyaux","2020-11-02 09:27:33+00:00","Ecology","b210eeb"
"ColineRoyaux","2020-11-02 12:59:24+00:00","Ecology","05e94e9"
"ColineRoyaux","2020-11-02 12:59:40+00:00","Ecology","7ca0ef7"
"ColineRoyaux","2020-11-02 13:00:20+00:00","Ecology","ee5815c"
"ColineRoyaux","2020-11-02 13:00:36+00:00","Ecology","04494db"
"ColineRoyaux","2020-11-02 13:00:53+00:00","Ecology","51c152c"
"ColineRoyaux","2020-11-02 13:01:05+00:00","Ecology","5b8d860"
"ColineRoyaux","2020-11-02 13:01:26+00:00","Ecology","a228211"
"ColineRoyaux","2020-11-02 13:02:07+00:00","Ecology","fc39abc"
"ColineRoyaux","2020-11-02 13:30:31+00:00","Ecology","e1e77e8"
"bgruening","2020-11-02 20:09:51+00:00","","33f8002"
"bgruening","2020-11-02 20:12:14+00:00","","b6a8d54"
"bgruening","2020-11-02 20:21:34+00:00","","bf424b4"
"yvanlebras","2020-11-02 20:49:13+00:00","","a257ef7"
"bgruening","2020-11-02 20:50:21+00:00","","f7b6585"
"bgruening","2020-11-02 20:51:36+00:00","Ecology","91508d2"
"yvanlebras","2020-11-02 21:08:30+00:00","","c7da070"
"ColineRoyaux","2020-11-03 11:44:46+00:00","Ecology","cfe6f4c"
"ColineRoyaux","2020-11-03 13:13:12+00:00","Ecology","93db6f2"
"ColineRoyaux","2020-11-03 14:57:59+00:00","Ecology","065f2fb"
"ColineRoyaux","2020-11-03 15:39:51+00:00","Ecology","a8d2bb5"
"ColineRoyaux","2020-11-03 15:51:35+00:00","Ecology","a427ea4"
"ColineRoyaux","2020-11-03 15:54:20+00:00","Ecology","95676e0"
"ColineRoyaux","2020-11-03 16:14:05+00:00","Ecology","360f033"
"ColineRoyaux","2020-11-03 16:14:18+00:00","Ecology","43571a1"
"ColineRoyaux","2020-11-03 16:14:41+00:00","Ecology","6d04fc3"
"ColineRoyaux","2020-11-03 16:15:47+00:00","Ecology","c63976a"
"ColineRoyaux","2020-11-03 17:33:32+00:00","Ecology","01f5b9a"
"ColineRoyaux","2020-11-03 17:34:23+00:00","","3474e85"
"ColineRoyaux","2020-11-04 14:58:44+00:00","Ecology","7989464"
"ColineRoyaux","2020-11-04 14:58:58+00:00","Ecology","87b6d4c"
"ColineRoyaux","2020-11-04 14:59:06+00:00","Ecology","0458eb3"
"ColineRoyaux","2020-11-04 14:59:53+00:00","Ecology","f23fc08"
"ColineRoyaux","2020-11-04 15:00:28+00:00","Ecology","ebb9a9b"
"ColineRoyaux","2020-11-04 15:12:20+00:00","Ecology","5c5307a"
"yvanlebras","2020-11-09 06:09:57+00:00","Ecology","0f66180"
"ColineRoyaux","2020-11-12 13:55:12+00:00","Ecology","c88fc9b"
"yvanlebras","2020-11-12 14:20:57+00:00","","f1b8b6e"
"ColineRoyaux","2020-11-12 14:28:24+00:00","Ecology","6c3e27b"
"ColineRoyaux","2020-11-12 16:20:32+00:00","Ecology","d2fcad5"
"ColineRoyaux","2020-11-13 14:36:05+00:00","Ecology","a6ea778"
"ColineRoyaux","2020-11-13 14:57:17+00:00","Ecology","75ede2d"
"ColineRoyaux","2020-11-13 15:54:42+00:00","Ecology","8e3f863"
"ColineRoyaux","2020-11-13 16:25:35+00:00","Ecology","c8759f9"
"ColineRoyaux","2020-11-13 16:28:22+00:00","Ecology","3d1a3fa"
"ColineRoyaux","2020-11-16 09:54:00+00:00","","921647e"
"ColineRoyaux","2020-11-16 10:00:49+00:00","","e48a480"
"yvanlebras","2020-11-16 10:54:20+00:00","Ecology","04381ca"
"ColineRoyaux","2020-11-16 11:26:45+00:00","Ecology","d9286d9"
"bgruening","2020-11-16 11:41:26+00:00","","4e48726"
"ColineRoyaux","2020-11-16 11:41:40+00:00","Ecology","d625408"
"yvanlebras","2020-11-22 18:12:39+00:00","","6593684"
"yvanlebras","2020-11-22 18:30:43+00:00","Ecology","3df1978"
"yvanlebras","2020-11-23 05:43:07+00:00","","0dd28c5"
"yvanlebras","2021-01-29 13:58:52+00:00","","9207501"
"ColineRoyaux","2021-03-12 14:13:05+00:00","Ecology","b9962ab"
"ColineRoyaux","2021-03-12 14:14:39+00:00","Ecology","b6b0179"
"ColineRoyaux","2021-03-12 14:27:39+00:00","Ecology","be48d45"
"ColineRoyaux","2021-03-12 14:32:13+00:00","Ecology","714fc8b"
"ColineRoyaux","2021-03-12 14:40:44+00:00","Ecology","4cc5f23"
"ColineRoyaux","2021-03-12 14:40:54+00:00","Ecology","cb2ea83"
"yvanlebras","2021-03-12 14:56:39+00:00","Ecology","e2154cb"
"ColineRoyaux","2021-03-12 15:52:07+00:00","Ecology","75b94ae"
"ColineRoyaux","2021-03-12 15:52:56+00:00","Ecology","4f2c412"
"ColineRoyaux","2021-04-06 09:57:43+00:00","","6be51bb"
"ColineRoyaux","2021-04-06 12:50:17+00:00","Ecology","fbd2694"
"ColineRoyaux","2021-04-23 09:08:47+00:00","Ecology","211f773"
"ColineRoyaux","2021-04-23 09:09:33+00:00","Ecology","887900e"
"ColineRoyaux","2021-04-23 09:10:15+00:00","Ecology","b623892"
"ColineRoyaux","2021-04-23 09:10:53+00:00","Ecology","968d3a7"
"ColineRoyaux","2021-04-23 12:51:39+00:00","Ecology","07fe777"
"ColineRoyaux","2021-04-23 13:13:59+00:00","Ecology","f1411d5"
"ColineRoyaux","2021-04-26 15:31:33+00:00","Ecology","de3de4e"
"yvanlebras","2021-04-26 15:48:06+00:00","Ecology","cd938a0"
"yvanlebras","2021-05-17 15:14:23+00:00","Ecology","5d77d9b"
"","2021-05-17 19:26:58+00:00","","ed84548"
"","2021-05-17 20:10:26+00:00","","f616665"
"bgruening","2021-05-18 07:40:49+00:00","","391be78"
"bgruening","2021-05-18 07:41:51+00:00","","71dea1f"
"","2021-05-18 20:38:37+00:00","","7f64541"
"Marie59","2021-05-27 15:12:28+00:00","","870657a"
"Marie59","2021-06-01 12:59:54+00:00","","f73d313"
"Marie59","2021-06-01 13:01:01+00:00","","379fba2"
"Marie59","2021-06-01 13:01:09+00:00","","be4d71c"
"Marie59","2021-06-01 13:01:24+00:00","","5be1537"
"Marie59","2021-06-01 13:01:32+00:00","","51692c1"
"Marie59","2021-06-01 13:01:40+00:00","","da70bfe"
"Marie59","2021-06-01 13:01:50+00:00","","58d9df0"
"Marie59","2021-06-01 13:02:22+00:00","Ecology","6d44b67"
"Marie59","2021-06-01 13:32:57+00:00","Ecology","12984d5"
"Marie59","2021-06-01 13:33:29+00:00","Ecology","f66b266"
"Marie59","2021-06-01 13:33:37+00:00","Ecology","999fcab"
"Marie59","2021-06-01 13:33:48+00:00","Ecology","1484e1a"
"Marie59","2021-06-01 13:35:39+00:00","Ecology","4606017"
"Marie59","2021-06-01 13:39:22+00:00","Ecology","6d9bf8a"
"Marie59","2021-06-01 13:45:20+00:00","Ecology","d0c7975"
"Marie59","2021-06-01 13:45:45+00:00","Ecology","8b9af89"
"","2021-06-02 11:58:23+00:00","","01edabc"
"","2021-06-02 17:30:46+00:00","","a645c15"
"","2021-06-02 19:20:45+00:00","","908d3b8"
"","2021-06-03 11:39:20+00:00","","47045a3"
"","2021-06-03 11:53:56+00:00","","96da4db"
"","2021-06-03 12:00:25+00:00","","2a9bc2c"
"","2021-06-03 15:35:04+00:00","","cca5165"
"","2021-06-03 19:04:57+00:00","","926d411"
"","2021-06-04 16:14:47+00:00","","6244ef3"
"","2021-06-04 18:09:24+00:00","","3a182e7"
"","2021-06-04 18:26:20+00:00","","deb6935"
"","2021-06-04 21:52:23+00:00","","9415f49"
"","2021-06-05 07:49:45+00:00","","6fb5583"
"","2021-06-05 08:09:58+00:00","","2bf8669"
"","2021-06-05 08:34:57+00:00","","a6eb898"
"","2021-06-05 08:47:50+00:00","","17d050e"
"","2021-06-05 09:26:06+00:00","","f831aaa"
"","2021-06-05 09:27:43+00:00","","3a25e8e"
"","2021-06-05 09:27:50+00:00","","05f0062"
"","2021-06-05 09:36:55+00:00","","fa5d7cb"
"","2021-06-05 09:38:09+00:00","","b726fde"
"","2021-06-05 09:40:07+00:00","","7ccb4b5"
"","2021-06-05 09:46:17+00:00","","7725dec"
"","2021-06-05 09:47:28+00:00","","1b95669"
"","2021-06-05 09:50:36+00:00","","ccfafcc"
"","2021-06-05 10:33:30+00:00","","f9b25a2"
"","2021-06-05 16:16:29+00:00","","0eb2dc2"
"","2021-06-05 19:10:19+00:00","","c21beec"
"","2021-06-05 21:27:32+00:00","","44f20f1"
"","2021-06-06 06:44:31+00:00","","19d8a30"
"","2021-06-06 07:13:52+00:00","","17785f5"
"bgruening","2021-06-06 08:28:08+00:00","Ecology","57b6d23"
"ColineRoyaux","2021-06-07 07:35:59+00:00","Ecology","57dedcd"
"ColineRoyaux","2021-06-07 07:37:39+00:00","Ecology","9e55ce8"
"ColineRoyaux","2021-06-07 07:39:10+00:00","Ecology","71a96ce"
"ColineRoyaux","2021-06-07 07:41:06+00:00","Ecology","497d1c0"
"ColineRoyaux","2021-06-07 08:29:01+00:00","Ecology","4cbc4f9"
"ColineRoyaux","2021-06-07 08:33:24+00:00","Ecology","c2bbce0"
"Marie59","2021-06-08 13:14:36+00:00","Ecology","69ff92c"
"Marie59","2021-06-08 13:15:03+00:00","Ecology","4e5fb0b"
"Marie59","2021-06-08 13:15:18+00:00","Ecology","f6e3f9f"
"Marie59","2021-06-08 13:15:27+00:00","Ecology","c02762d"
"Marie59","2021-06-08 13:15:49+00:00","Ecology","d61b54b"
"Marie59","2021-06-08 13:15:58+00:00","Ecology","90ef9e3"
"Marie59","2021-06-08 13:18:07+00:00","Ecology","daf8277"
"Marie59","2021-06-08 13:18:29+00:00","Ecology","1a91fa5"
"Marie59","2021-06-08 13:18:45+00:00","Ecology","2863d98"
"Marie59","2021-06-08 13:22:36+00:00","Ecology","a0dae27"
"Marie59","2021-06-16 14:24:10+00:00","Ecology","408eaba"
"Marie59","2021-06-16 14:25:34+00:00","Ecology","b72580a"
"Marie59","2021-06-16 14:25:45+00:00","Ecology","499a930"
"Marie59","2021-06-16 14:26:00+00:00","Ecology","71b974b"
"Marie59","2021-06-16 14:26:11+00:00","Ecology","23ed498"
"Marie59","2021-06-16 14:26:39+00:00","Ecology","a6263ca"
"Marie59","2021-06-16 14:26:52+00:00","Ecology","10e8ff2"
"Marie59","2021-06-16 14:27:03+00:00","Ecology","30ef141"
"Marie59","2021-06-16 14:27:23+00:00","Ecology","9663883"
"Marie59","2021-06-16 14:27:34+00:00","Ecology","91496c2"
"Marie59","2021-06-16 14:27:48+00:00","Ecology","a2ad607"
"Marie59","2021-06-16 14:28:00+00:00","Ecology","4f38f84"
"Marie59","2021-06-16 14:28:15+00:00","Ecology","f5f4f4f"
"Marie59","2021-06-16 14:28:27+00:00","Ecology","0cbf451"
"Marie59","2021-06-16 14:28:41+00:00","Ecology","43b0cc0"
"Marie59","2021-06-16 14:28:54+00:00","Ecology","168a14e"
"Marie59","2021-06-16 14:29:03+00:00","Ecology","faff5aa"
"Marie59","2021-06-16 14:31:08+00:00","Ecology","cf2eba2"
"Marie59","2021-06-16 14:31:29+00:00","","acecc28"
"Marie59","2021-06-23 12:51:28+00:00","Ecology","9ad8530"
"bgruening","2021-06-23 14:09:13+00:00","Ecology","b8fc549"
"bgruening","2021-06-23 14:32:24+00:00","Ecology","3d28e8a"
"Marie59","2021-06-25 08:41:59+00:00","Ecology","9fb7221"
"Marie59","2021-06-25 08:42:54+00:00","Ecology","0937ea9"
"Marie59","2021-06-25 08:43:47+00:00","Ecology","c2108c6"
"Marie59","2021-06-25 08:48:01+00:00","Ecology","9e938d8"
"Marie59","2021-06-25 08:52:51+00:00","Ecology","8ed8d7a"
"Marie59","2021-06-25 15:30:24+00:00","Ecology","27934f8"
"yvanlebras","2021-06-26 03:37:23+00:00","","f684978"
"yvanlebras","2021-06-26 07:02:49+00:00","Ecology","65ab5b6"
"bgruening","2021-06-26 21:17:31+00:00","Ecology","36f5793"
"bgruening","2021-06-26 21:19:40+00:00","","34393bd"
"bgruening","2021-06-26 21:20:47+00:00","","e07b392"
"bgruening","2021-06-27 07:47:07+00:00","Ecology","3e83895"
"bgruening","2021-06-27 21:19:06+00:00","Ecology","60fda6a"
"Marie59","2021-06-28 08:17:13+00:00","Ecology","a562385"
"Marie59","2021-07-08 08:52:07+00:00","Ecology","e1e179b"
"bgruening","2021-07-08 16:49:27+00:00","Ecology","1c0277e"
"bgruening","2021-07-08 21:09:28+00:00","Ecology","438dc26"
"bgruening","2021-07-08 21:36:19+00:00","Ecology","fc846b9"
"yvanlebras","2021-07-09 08:04:20+00:00","Ecology","35bab97"
"yvanlebras","2021-07-09 08:04:44+00:00","Ecology","afe997f"
"yvanlebras","2021-07-09 10:37:59+00:00","Ecology","85e8ce2"
"yvanlebras","2021-07-09 12:22:18+00:00","Ecology","59db641"
"bgruening","2021-07-09 23:14:02+00:00","Ecology","ed415d9"
"Marie59","2021-07-20 11:58:17+00:00","Ecology","98ac19b"
"Marie59","2021-07-20 12:22:16+00:00","","13639cc"
"Marie59","2021-07-20 12:22:25+00:00","","4a3b881"
"Marie59","2021-07-20 12:22:37+00:00","","4d9dd07"
"Marie59","2021-07-27 08:09:08+00:00","Ecology","2b8212a"
"Marie59","2021-07-27 08:09:34+00:00","Ecology","899a310"
"Marie59","2021-07-27 08:09:52+00:00","Ecology","ba3a1e1"
"Marie59","2021-07-27 08:10:13+00:00","Ecology","9ef695c"
"Marie59","2021-07-27 08:10:25+00:00","Ecology","9506856"
"Marie59","2021-07-27 08:10:35+00:00","Ecology","7c1329a"
"Marie59","2021-07-27 08:10:56+00:00","Ecology","0e98665"
"bgruening","2021-07-27 08:20:37+00:00","Ecology","081128f"
"bgruening","2021-07-27 08:20:54+00:00","Ecology","2556f54"
"bgruening","2021-07-27 08:21:54+00:00","Ecology","8c7951f"
"bgruening","2021-07-27 08:22:57+00:00","Ecology","35d5887"
"Marie59","2021-07-27 09:09:40+00:00","Ecology","99e9aa2"
"Marie59","2021-07-27 12:48:27+00:00","Ecology","ec7bb7e"
"Marie59","2021-07-27 12:48:56+00:00","Ecology","9d12027"
"Marie59","2021-07-27 12:49:37+00:00","Ecology","1cae71e"
"Marie59","2021-07-27 12:57:00+00:00","Ecology","e41d4b8"
"Marie59","2021-07-27 15:41:08+00:00","Ecology","24e0c4b"
"yvanlebras","2021-07-27 16:38:42+00:00","Ecology","2f88374"
"Marie59","2021-08-04 13:54:41+00:00","Ecology","7f91eff"
"Marie59","2021-08-04 13:55:36+00:00","Ecology","2418042"
"Marie59","2021-08-04 14:22:22+00:00","Ecology","dd27bd6"
"Marie59","2021-08-06 07:28:45+00:00","Ecology","6aacf68"
"Marie59","2021-08-13 08:04:21+00:00","Ecology","bb0cda7"
"Marie59","2021-08-13 08:16:51+00:00","Ecology","7689a94"
"Marie59","2021-08-13 08:17:08+00:00","Ecology","5c2c594"
"Marie59","2021-08-13 08:17:18+00:00","Ecology","fcbc748"
"Marie59","2021-08-13 08:17:30+00:00","Ecology","c482441"
"Marie59","2021-08-13 08:17:54+00:00","Ecology","52b9eef"
"Marie59","2021-08-13 09:04:30+00:00","Ecology","0653a68"
"Marie59","2021-08-13 09:06:59+00:00","Ecology","474b79a"
"Marie59","2021-08-13 09:07:23+00:00","Ecology","1dfa2f1"
"Marie59","2021-08-13 09:14:19+00:00","Ecology","1bdd2de"
"yvanlebras","2021-08-13 17:55:51+00:00","Ecology","60627ab"
"","2021-08-24 08:47:50+00:00","","e50eabf"
"bgruening","2021-08-29 15:23:37+00:00","Ecology","e10edfe"
"bgruening","2021-08-29 16:22:29+00:00","Ecology","0c4e3e4"
"ColineRoyaux","2021-10-08 13:54:41+00:00","","049be5f"
"ColineRoyaux","2021-10-08 14:02:56+00:00","","7940a1e"
"ColineRoyaux","2021-10-08 14:03:19+00:00","","8cf8882"
"ColineRoyaux","2021-10-08 14:07:03+00:00","","00627dc"
"ColineRoyaux","2021-10-08 14:21:01+00:00","","7e917e3"
"ColineRoyaux","2021-10-08 14:30:35+00:00","","8af7d2f"
"ColineRoyaux","2021-10-13 13:18:02+00:00","converters","8a71de3"
"ColineRoyaux","2021-10-13 13:22:26+00:00","converters","42e6674"
"ColineRoyaux","2021-10-13 13:23:58+00:00","converters","cf4108b"
"ColineRoyaux","2021-10-13 13:24:32+00:00","converters","6e8ca2d"
"ColineRoyaux","2021-10-13 13:32:35+00:00","converters","26d869d"
"ColineRoyaux","2021-10-13 13:48:25+00:00","","ed0d517"
"ColineRoyaux","2021-10-13 13:48:58+00:00","","63330b0"
"ColineRoyaux","2021-10-13 13:49:12+00:00","","230d7b8"
"ColineRoyaux","2021-10-13 13:49:34+00:00","converters","f8a519a"
"ColineRoyaux","2021-10-14 07:58:35+00:00","converters","d1816a2"
"yvanlebras","2021-10-18 15:28:44+00:00","","d98135c"
"yvanlebras","2021-10-18 15:29:13+00:00","","04a7310"
"yvanlebras","2021-10-18 21:01:41+00:00","","1c496a0"
"yvanlebras","2021-10-18 21:07:10+00:00","converters","25d7688"
"yvanlebras","2021-11-08 15:26:44+00:00","converters","031c763"
"yvanlebras","2021-11-08 15:29:24+00:00","converters","bf765f9"
"yvanlebras","2021-11-08 15:36:25+00:00","converters","3042435"
"bgruening","2021-11-08 15:54:16+00:00","","4f5d550"
"bgruening","2021-11-08 15:58:41+00:00","","927d356"
"yvanlebras","2021-11-09 09:47:31+00:00","converters","4d5cfa5"
"","2022-01-03 15:46:25+00:00","","bd03669"
"","2022-01-03 16:37:20+00:00","","0f41acf"
"","2022-01-03 16:43:13+00:00","","700a045"
"","2022-01-03 16:49:46+00:00","","2890990"
"","2022-01-05 18:01:22+00:00","","dac0601"
"","2022-01-05 18:21:22+00:00","","f1ebf57"
"","2022-01-05 18:39:34+00:00","","cfca562"
"","2022-01-06 14:19:42+00:00","","417757e"
"","2022-01-06 14:25:24+00:00","","6772df8"
"","2022-01-06 14:28:27+00:00","","9e8b6e8"
"","2022-01-06 16:30:03+00:00","","1dda389"
"","2022-01-06 22:23:58+00:00","","6164f30"
"","2022-01-06 22:31:09+00:00","","9bfa444"
"","2022-01-07 08:00:15+00:00","","21934dc"
"","2022-01-07 21:00:21+00:00","","a1004df"
"","2022-01-07 21:25:02+00:00","","a741815"
"","2022-01-07 21:30:16+00:00","","4a90909"
"","2022-01-07 23:01:01+00:00","","2d59fc3"
"","2022-01-09 00:27:28+00:00","","89c6e74"
"","2022-01-09 13:54:30+00:00","","2f76997"
"","2022-01-09 18:20:33+00:00","","04d0904"
"","2022-01-09 18:26:10+00:00","","ffc55d2"
"","2022-01-09 20:15:46+00:00","","dc3e4c7"
"bgruening","2022-01-12 12:35:28+00:00","converters","a84a5f4"
"bgruening","2022-01-12 15:00:39+00:00","Convert Formats","dbecaa8"
"bgruening","2022-01-20 16:31:43+00:00","Ecology","2166974"
"yvanlebras","2022-01-25 13:22:35+00:00","converters","bb005b5"
"yvanlebras","2022-02-05 09:46:07+00:00","converters","ff6a23f"
"yvanlebras","2022-02-05 12:36:42+00:00","converters","224bbf2"
"bgruening","2022-02-05 18:15:38+00:00","converters","08a12c0"
"bgruening","2022-02-05 18:40:27+00:00","converters","5d642b6"
"bgruening","2022-02-05 18:47:22+00:00","","1eb1e51"
"yvanlebras","2022-03-06 21:03:14+00:00","converters","c0341ec"
"yvanlebras","2022-03-06 21:28:22+00:00","converters","ccea18f"
"bgruening","2022-03-06 21:46:07+00:00","converters","a1ff20f"
"bgruening","2022-03-06 22:01:10+00:00","Convert Formats","6ebe0c9"
"Quickbeasts51429","2022-07-05 04:38:46+00:00","Ecology","9dbb001"
"Quickbeasts51429","2022-07-05 04:39:47+00:00","Ecology","189ab65"
"Quickbeasts51429","2022-07-05 04:48:17+00:00","Ecology","74bf3b2"
"Quickbeasts51429","2022-07-05 04:50:07+00:00","Ecology","06dd1a4"
"Quickbeasts51429","2022-07-05 04:50:27+00:00","Ecology","a57ee2a"
"Quickbeasts51429","2022-07-05 05:06:26+00:00","Ecology","0881444"
"Quickbeasts51429","2022-07-05 05:46:23+00:00","Ecology","5881eb7"
"Quickbeasts51429","2022-07-05 05:48:26+00:00","Ecology","f3c310d"
"Quickbeasts51429","2022-07-05 08:25:14+00:00","Ecology","43365b3"
"Quickbeasts51429","2022-07-06 05:40:33+00:00","Ecology","60ee69b"
"Quickbeasts51429","2022-07-06 05:43:13+00:00","Ecology","595aaa4"
"Quickbeasts51429","2022-07-06 05:44:39+00:00","Ecology","e73cd6e"
"Quickbeasts51429","2022-07-06 05:46:26+00:00","Ecology","66146fe"
"Quickbeasts51429","2022-07-06 05:46:50+00:00","Ecology","7649722"
"Quickbeasts51429","2022-07-06 05:52:42+00:00","Ecology","3dc9885"
"Quickbeasts51429","2022-07-06 07:20:42+00:00","Ecology","7580e34"
"Quickbeasts51429","2022-07-06 07:21:14+00:00","Ecology","014b072"
"Quickbeasts51429","2022-07-06 10:51:19+00:00","Ecology","6dfbff7"
"Quickbeasts51429","2022-07-07 03:21:32+00:00","Ecology","54eb7c4"
"Quickbeasts51429","2022-07-13 08:14:46+00:00","Ecology","efee30a"
"Quickbeasts51429","2022-07-13 08:19:28+00:00","Ecology","560f7a2"
"","2022-07-14 17:47:39+00:00","","5ae1002"
"","2022-07-14 19:09:55+00:00","","57623c8"
"","2022-07-14 20:06:09+00:00","","e307ef7"
"","2022-07-15 15:21:27+00:00","","9d12fde"
"","2022-07-15 15:35:56+00:00","","3ba5d18"
"","2022-07-16 15:12:05+00:00","","5718bf2"
"","2022-07-16 15:16:53+00:00","","7585e3b"
"","2022-07-16 15:30:42+00:00","","e30e981"
"","2022-07-17 09:18:56+00:00","","db6aee9"
"","2022-07-17 11:36:43+00:00","","f9ac209"
"Quickbeasts51429","2022-07-17 12:54:09+00:00","Ecology","542247d"
"","2022-07-17 13:42:30+00:00","","fa14092"
"","2022-07-17 14:57:59+00:00","","e6109b0"
"Quickbeasts51429","2022-07-18 08:52:48+00:00","Ecology","ddee988"
"","2022-07-24 14:35:45+00:00","","3466ba6"
"","2022-07-24 15:42:30+00:00","","c1e06ec"
"","2022-07-24 19:16:11+00:00","","f2a9bcd"
"","2022-07-25 09:40:16+00:00","","2c4b6e1"
"","2022-07-25 10:04:17+00:00","","e22c7a5"
"","2022-07-25 10:12:15+00:00","","9c6fcb4"
"","2022-07-25 11:22:45+00:00","","3e7ba83"
"","2022-07-25 13:13:18+00:00","","bed5e5c"
"Quickbeasts51429","2022-07-25 15:27:20+00:00","Ecology","249f0b3"
"Marie59","2022-07-28 09:22:52+00:00","","f216cfa"
"Marie59","2022-07-28 09:24:57+00:00","","a3886c1"
"bgruening","2022-07-31 20:53:39+00:00","Ecology","fd8ad4d"
"Marie59","2022-08-01 09:20:43+00:00","","6bd92cc"
"Marie59","2022-08-01 09:21:17+00:00","","34af0aa"
"Marie59","2022-08-01 09:21:36+00:00","","93c89e2"
"Marie59","2022-08-01 09:21:56+00:00","","a2d5596"
"Marie59","2022-08-01 09:22:19+00:00","","d37b264"
"Marie59","2022-08-01 09:23:00+00:00","Ecology","bea48d4"
"Marie59","2022-08-10 12:01:45+00:00","Ecology","62c7340"
"Marie59","2022-08-15 09:57:46+00:00","Ecology","b6cdf3b"
"Marie59","2022-08-15 09:58:35+00:00","Ecology","644130a"
"Marie59","2022-08-22 12:59:48+00:00","Ecology","1978c9f"
"Marie59","2022-08-22 13:06:25+00:00","Ecology","3a9d630"
"Marie59","2022-08-22 13:17:24+00:00","Ecology","be66633"
"Marie59","2022-08-22 13:17:55+00:00","Ecology","381cae6"
"Marie59","2022-08-22 13:18:11+00:00","Ecology","0bf9e96"
"Marie59","2022-08-22 13:18:19+00:00","Ecology","3ce76fb"
"Marie59","2022-08-22 13:18:38+00:00","Ecology","ee52640"
"Marie59","2022-09-06 12:30:33+00:00","","c478a75"
"Marie59","2022-09-06 12:34:25+00:00","","8f353d5"
"Marie59","2022-09-06 12:40:46+00:00","","ffafb76"
"Marie59","2022-09-06 12:43:39+00:00","Ecology","e65b440"
"Marie59","2022-09-06 12:52:09+00:00","Ecology","5944511"
"Marie59","2022-09-06 12:52:37+00:00","Ecology","70172d5"
"Marie59","2022-09-06 13:08:28+00:00","Ecology","acf4f64"
"Marie59","2022-09-06 15:10:01+00:00","Ecology","de9b1b6"
"Marie59","2022-09-06 15:11:46+00:00","Ecology","81c7c04"
"Marie59","2022-09-07 09:23:06+00:00","Ecology","dcc0ad0"
"Marie59","2022-09-13 15:58:46+00:00","","18199b3"
"Marie59","2022-09-14 07:17:12+00:00","Ecology","20f79a8"
"Marie59","2022-09-14 07:18:36+00:00","","20bca68"
"Marie59","2022-09-14 08:26:43+00:00","","b2488fd"
"Marie59","2022-09-14 08:36:37+00:00","","d545541"
"Marie59","2022-10-06 15:06:46+00:00","","84c15d9"
"Marie59","2022-10-06 15:14:48+00:00","","0fb013c"
"Marie59","2022-10-11 13:36:34+00:00","","b8900f7"
"Marie59","2022-10-11 14:17:42+00:00","","1ed10ba"
"Marie59","2022-10-12 07:49:43+00:00","Ecology","e1eea7b"
"Marie59","2022-10-12 07:51:17+00:00","","402cde6"
"bgruening","2022-10-12 14:33:31+00:00","","d582f47"
"bgruening","2022-10-14 19:10:05+00:00","Ecology","5f48b1d"
"bgruening","2022-10-14 19:12:15+00:00","Ecology","41a55c6"
"bgruening","2022-10-14 19:12:56+00:00","Ecology","7eab97f"
"bgruening","2022-10-14 19:14:17+00:00","Ecology","116dee0"
"bgruening","2022-10-14 19:15:27+00:00","Ecology","cb05e47"
"bgruening","2022-10-14 19:17:04+00:00","Ecology","57e37ff"
"bgruening","2022-10-14 19:18:02+00:00","Ecology","c558718"
"bgruening","2022-10-14 19:19:48+00:00","Ecology","47076af"
"bgruening","2022-10-14 19:22:14+00:00","Ecology","6e2d9fd"
"bgruening","2022-10-14 19:27:31+00:00","","9a840a3"
"bgruening","2022-10-14 19:30:03+00:00","","daa7aaf"
"Marie59","2022-10-17 07:58:24+00:00","Ecology","86eea7f"
"Marie59","2022-10-17 07:59:54+00:00","Ecology","69213b1"
"bgruening","2022-10-17 20:48:37+00:00","","fd9a3b6"
"bgruening","2022-10-17 20:48:48+00:00","","adfc060"
"bgruening","2022-10-17 20:48:59+00:00","","1cfc870"
"bgruening","2022-10-17 20:49:17+00:00","","c88fe17"
"bgruening","2022-10-17 20:51:05+00:00","Ecology","bfcf4e6"
"bgruening","2022-10-18 07:26:23+00:00","Ecology","0325d43"
"bgruening","2022-10-18 15:42:37+00:00","Ecology","72a3664"
"bgruening","2022-10-18 15:43:03+00:00","Ecology","191ad17"
"bgruening","2022-10-18 15:43:22+00:00","Ecology","bf39b4e"
"bgruening","2022-10-18 15:43:39+00:00","Ecology","06d1142"
"bgruening","2022-10-18 15:44:06+00:00","Ecology","438d235"
"bgruening","2022-10-19 18:23:45+00:00","Ecology","d9b88fb"
"bgruening","2022-10-19 18:24:40+00:00","Ecology","098fc9d"
"bgruening","2022-10-20 09:20:08+00:00","Ecology","f9bd5cb"
"bgruening","2022-10-23 17:32:26+00:00","Ecology","e8f75cd"
"bgruening","2022-10-23 17:59:19+00:00","","1e8bace"
"bgruening","2022-10-23 21:58:29+00:00","Ecology","3b3b2a9"
"Marie59","2022-10-25 11:14:43+00:00","Ecology","0a42bac"
"Marie59","2022-10-25 11:16:24+00:00","Ecology","0388222"
"Marie59","2022-10-27 14:31:49+00:00","Ecology","9471686"
"bgruening","2022-10-27 21:01:07+00:00","","0c5d6be"
"Marie59","2022-10-28 08:41:25+00:00","Ecology","e912402"
"bgruening","2022-10-28 09:02:05+00:00","Ecology","5fe89fa"
"Marie59","2022-10-28 09:29:14+00:00","","641f539"
"Marie59","2022-10-28 09:29:26+00:00","","59f5a3e"
"Marie59","2022-10-28 10:12:26+00:00","","5ed4587"
"Marie59","2022-10-28 10:20:14+00:00","Ecology","6053e6b"
"Marie59","2022-10-28 12:15:57+00:00","Ecology","7a2717c"
"Marie59","2022-10-28 12:17:05+00:00","Ecology","11c8a7e"
"Marie59","2022-10-28 12:19:19+00:00","Ecology","dfc912e"
"Marie59","2022-10-28 12:39:36+00:00","","e5b0602"
"Marie59","2022-10-28 12:50:31+00:00","","19897a3"
"Marie59","2022-10-28 12:54:14+00:00","","50285f2"
"Marie59","2022-10-28 13:58:30+00:00","Ecology","fc104a3"
"Marie59","2022-10-28 14:09:09+00:00","Ecology","dc69184"
"Marie59","2022-10-28 14:38:09+00:00","","ec02607"
"Marie59","2022-10-31 07:52:51+00:00","Ecology","2e4b093"
"bgruening","2022-11-01 10:22:32+00:00","","4eca577"
"bgruening","2022-11-01 10:22:32+00:00","","50a6a86"
"Marie59","2022-11-03 10:44:00+00:00","Ecology","e2cddb6"
"Marie59","2022-11-03 10:44:09+00:00","Ecology","b65f757"
"Marie59","2022-11-03 10:47:29+00:00","Ecology","1cdb8ba"
"Marie59","2022-11-04 10:31:10+00:00","","d6010a7"
"Marie59","2022-11-04 10:33:22+00:00","Ecology","3968f70"
"bgruening","2022-11-04 12:06:37+00:00","Ecology","5374522"
"bgruening","2022-11-04 17:12:48+00:00","Ecology","0b0119a"
"Marie59","2022-11-07 11:11:48+00:00","Ecology","c94f6a4"
"Marie59","2022-11-07 11:11:56+00:00","Ecology","6215d19"
"Marie59","2022-11-07 11:13:12+00:00","Ecology","80b4143"
"Marie59","2022-11-08 19:34:08+00:00","Ecology","67869f0"
"Marie59","2022-11-08 19:37:07+00:00","Ecology","42e583f"
"Marie59","2022-11-08 19:37:48+00:00","Ecology","349c4b3"
"bgruening","2022-11-08 21:59:26+00:00","Ecology","06e299e"
"Marie59","2022-11-14 13:11:51+00:00","Ecology","149bc24"
"Marie59","2022-11-16 19:59:28+00:00","","ac17132"
"Marie59","2022-11-16 20:46:12+00:00","Ecology","1ad82cc"
"bgruening","2022-11-17 08:32:17+00:00","Ecology","2fbd1d3"
"Marie59","2022-11-17 10:45:14+00:00","Ecology","f2bcced"
"Marie59","2022-11-17 10:47:01+00:00","Ecology","f6e3ac9"
"Marie59","2022-11-17 12:28:48+00:00","Ecology","37256fb"
"Marie59","2022-11-17 12:50:00+00:00","Ecology","92be3c2"
"Marie59","2022-11-17 13:19:34+00:00","Ecology","a65f644"
"Marie59","2022-11-23 09:06:19+00:00","Ecology","b60b609"
"Marie59","2022-11-23 09:06:59+00:00","Ecology","ba15dbe"
"Marie59","2022-11-23 22:13:13+00:00","Ecology","de4114b"
"Marie59","2022-11-23 22:24:19+00:00","Ecology","b8946aa"
"Marie59","2022-11-24 08:44:14+00:00","Ecology","e59a145"
"Marie59","2022-11-24 09:24:59+00:00","Ecology","270a5de"
"bgruening","2022-12-02 15:48:26+00:00","","65e2929"
"bgruening","2022-12-02 16:00:48+00:00","Ecology","8b6fcdd"
"Marie59","2022-12-07 09:48:45+00:00","Ecology","4303182"
"Marie59","2022-12-07 15:01:20+00:00","Ecology","1bf8d98"
"Marie59","2022-12-07 15:04:47+00:00","Ecology","53c4c61"
"Marie59","2022-12-07 15:23:56+00:00","Ecology","75dc72a"
"bgruening","2022-12-07 22:57:20+00:00","Ecology","91408ae"
"bgruening","2022-12-07 22:57:32+00:00","Ecology","37f455d"
"Marie59","2022-12-27 14:50:07+00:00","Ecology","109e757"
"Marie59","2022-12-28 15:06:05+00:00","Ecology","538db5f"
"Marie59","2022-12-28 15:12:23+00:00","Ecology","5f22377"
"Marie59","2022-12-28 16:16:32+00:00","Ecology","1b481bb"
"Marie59","2022-12-28 16:20:21+00:00","Ecology","0e8c7a9"
"bgruening","2022-12-28 21:56:57+00:00","Ecology","d14e495"
"bgruening","2022-12-29 12:54:40+00:00","Ecology","1e0b3b1"
"bgruening","2022-12-29 12:58:23+00:00","Ecology","91648eb"
"bgruening","2022-12-29 13:06:35+00:00","Ecology","f623d14"
"Marie59","2022-12-30 07:48:10+00:00","Ecology","64aa17a"
"Marie59","2022-12-30 07:49:38+00:00","Ecology","4314243"
"Marie59","2022-12-30 08:06:31+00:00","Ecology","4849b4e"
"Marie59","2022-12-30 08:07:56+00:00","Ecology","a41bbfe"
"Marie59","2022-12-30 08:32:08+00:00","Ecology","4a8bf31"
"Marie59","2022-12-30 10:10:57+00:00","Ecology","7f3e843"
"Marie59","2022-12-30 10:12:25+00:00","Ecology","d744373"
"Marie59","2022-12-30 10:14:32+00:00","Ecology","206602e"
"Marie59","2022-12-30 10:15:49+00:00","Ecology","b50d7b7"
"Marie59","2022-12-30 10:17:10+00:00","Ecology","db77264"
"bgruening","2022-12-30 13:32:08+00:00","Ecology","5110f7d"
"bgruening","2022-12-30 13:32:36+00:00","Ecology","11c393b"
"bgruening","2022-12-30 13:33:03+00:00","Ecology","088fefb"
"bgruening","2022-12-30 13:33:34+00:00","Ecology","60b177b"
"yvanlebras","2022-12-31 09:48:39+00:00","Ecology","eadb830"
"yvanlebras","2022-12-31 13:21:48+00:00","Ecology","a75b2a9"
"yvanlebras","2022-12-31 13:22:26+00:00","Ecology","00d7fc6"
"yvanlebras","2022-12-31 13:22:53+00:00","Ecology","6024175"
"yvanlebras","2022-12-31 13:23:30+00:00","Ecology","8cb31e3"
"yvanlebras","2022-12-31 13:25:42+00:00","Ecology","d70e368"
"yvanlebras","2022-12-31 13:26:44+00:00","Ecology","7590272"
"yvanlebras","2022-12-31 13:45:04+00:00","Ecology","2ff6d56"
"Marie59","2023-01-02 08:22:02+00:00","Ecology","d2daccb"
"Marie59","2023-01-02 08:22:42+00:00","Ecology","09f6190"
"Marie59","2023-01-02 08:23:33+00:00","Ecology","f4c78a5"
"Marie59","2023-01-02 08:51:58+00:00","Ecology","eba086b"
"Marie59","2023-01-02 08:53:13+00:00","Ecology","d36d37f"
"Marie59","2023-01-02 15:38:38+00:00","Ecology","89fbfed"
"Marie59","2023-01-02 15:38:54+00:00","Ecology","1d66be4"
"Marie59","2023-01-02 15:39:25+00:00","Ecology","0d88d03"
"Marie59","2023-01-02 16:35:35+00:00","Ecology","606513d"
"Marie59","2023-01-02 16:36:11+00:00","Ecology","59fda50"
"Marie59","2023-01-02 16:36:44+00:00","Ecology","0e358aa"
"bgruening","2023-01-04 12:52:28+00:00","Ecology","0d86db7"
"yvanlebras","2023-01-04 22:31:13+00:00","","a4f94f4"
"yvanlebras","2023-01-06 21:35:05+00:00","Ecology","ec545be"
"yvanlebras","2023-01-06 21:51:22+00:00","Ecology","502540d"
"yvanlebras","2023-01-07 11:17:58+00:00","Ecology","2a346c3"
"bgruening","2023-01-07 22:50:32+00:00","","d1d658e"
"bgruening","2023-01-07 22:53:48+00:00","","c07c1af"
"bgruening","2023-01-07 23:43:33+00:00","","a241ddb"
"yvanlebras","2023-01-08 09:32:51+00:00","Ecology","3629824"
"yvanlebras","2023-01-08 09:42:10+00:00","Ecology","117364b"
"bgruening","2023-01-08 10:32:07+00:00","","2467661"
"bgruening","2023-01-08 12:27:48+00:00","Ecology","4ccb989"
"bgruening","2023-01-08 13:12:26+00:00","Ecology","70e2041"
"yvanlebras","2023-01-08 13:14:37+00:00","Ecology","37e5a05"
"bgruening","2023-01-08 16:24:50+00:00","Ecology","4752de2"
"bgruening","2023-01-08 16:28:38+00:00","Ecology","395ccdd"
"yvanlebras","2023-01-08 19:32:04+00:00","Ecology","b32737c"
"bgruening","2023-01-08 21:55:50+00:00","Ecology","1aec387"
"Marie59","2023-01-25 15:02:37+00:00","Ecology","aa7a069"
"Marie59","2023-01-25 15:03:16+00:00","Ecology","2037c27"
"bgruening","2023-01-25 15:21:06+00:00","","a8d9593"
"bgruening","2023-01-25 15:43:29+00:00","Ecology","d1d3e86"
"yvanlebras","2023-01-25 20:24:03+00:00","Ecology","6c70a54"
"yvanlebras","2023-01-25 20:26:27+00:00","Ecology","2795f7c"
"yvanlebras","2023-01-26 05:02:37+00:00","Ecology","93ff3a3"
"Marie59","2023-02-14 08:44:06+00:00","Ecology","1b2cc3b"
"Marie59","2023-02-14 09:45:36+00:00","Ecology","c9cd2e5"
"Marie59","2023-02-14 13:31:29+00:00","Ecology","c9b646d"
"Marie59","2023-02-14 13:36:59+00:00","Ecology","e48664d"
"Marie59","2023-02-14 13:47:08+00:00","Ecology","631f70c"
"Marie59","2023-02-14 14:17:23+00:00","Ecology","5993d0d"
"Marie59","2023-02-14 14:19:55+00:00","Ecology","ce40816"
"Marie59","2023-02-14 14:21:50+00:00","Ecology","da23832"
"Marie59","2023-02-14 14:23:04+00:00","Ecology","bafa00f"
"Marie59","2023-02-14 14:23:50+00:00","Ecology","61e76e3"
"bgruening","2023-02-14 15:16:56+00:00","Ecology","b96f1f5"
"Marie59","2023-02-14 15:39:27+00:00","Ecology","29e7d1a"
"Marie59","2023-02-14 15:41:52+00:00","Ecology","77e4339"
"Marie59","2023-02-17 08:07:53+00:00","Ecology","e23d36e"
"Marie59","2023-02-17 08:19:09+00:00","Ecology","db49d8e"
"Marie59","2023-02-17 09:00:29+00:00","Ecology","9f97b0b"
"Marie59","2023-02-17 09:02:39+00:00","Ecology","d3772ec"
"Marie59","2023-03-02 16:06:41+00:00","Ecology","f53b3c4"
"yvanlebras","2023-03-02 17:36:27+00:00","Ecology","5927e89"
"yvanlebras","2023-03-02 19:34:17+00:00","Ecology","f7c960a"
"yvanlebras","2023-03-02 20:17:59+00:00","Ecology","6f81d6a"
"yvanlebras","2023-03-03 08:15:04+00:00","Ecology","fe07a48"
"Marie59","2023-03-06 07:42:44+00:00","Ecology","936a2b1"
"Marie59","2023-03-06 07:45:22+00:00","Ecology","3c40591"
"Marie59","2023-03-06 07:45:55+00:00","Ecology","10bc861"
"Marie59","2023-03-06 08:26:54+00:00","Ecology","75fdcde"
"Marie59","2023-03-06 08:56:55+00:00","Ecology","cd1e19a"
"Marie59","2023-03-06 13:30:10+00:00","Ecology","bde0e1b"
"Marie59","2023-03-06 14:35:59+00:00","Ecology","7101c1e"
"Marie59","2023-03-06 14:37:42+00:00","Ecology","17dd952"
"Marie59","2023-03-06 15:23:54+00:00","Ecology","8acf80c"
"Marie59","2023-03-06 16:02:32+00:00","Ecology","550dd1f"
"Marie59","2023-03-06 17:37:31+00:00","Ecology","20ac48e"
"Marie59","2023-03-07 08:19:36+00:00","Ecology","c8385f3"
"Marie59","2023-03-07 08:51:33+00:00","Ecology","7155c9a"
"Marie59","2023-03-07 15:43:26+00:00","Ecology","c77e0c4"
"Marie59","2023-03-07 16:26:34+00:00","Ecology","d86a0d6"
"yvanlebras","2023-03-07 17:11:30+00:00","Ecology","b06430e"
"yvanlebras","2023-03-07 20:16:43+00:00","Ecology","1be8bfe"
"yvanlebras","2023-03-07 20:24:45+00:00","Ecology","a19294e"
"yvanlebras","2023-03-08 08:29:27+00:00","Ecology","26236f0"
"Marie59","2023-03-08 13:07:26+00:00","Ecology","1b79a8b"
"Marie59","2023-03-08 13:08:46+00:00","Ecology","24df0ef"
"Marie59","2023-03-08 13:09:45+00:00","Ecology","f77df05"
"Marie59","2023-03-08 14:21:38+00:00","Ecology","b6324d8"
"Marie59","2023-03-08 14:59:34+00:00","Ecology","df0b818"
"Marie59","2023-03-08 15:40:21+00:00","Ecology","e4e1107"
"yvanlebras","2023-03-16 11:24:09+00:00","Ecology","f8f1fec"
"yvanlebras","2023-03-16 13:57:33+00:00","Ecology","0b7ecf8"
"yvanlebras","2023-03-17 09:59:17+00:00","Ecology","4ad298c"
"yvanlebras","2023-03-17 15:06:37+00:00","Ecology","323da17"
"yvanlebras","2023-03-17 15:58:38+00:00","Ecology","871aaef"
"bgruening","2023-03-18 08:42:42+00:00","Ecology","04d5b44"
"bgruening","2023-03-18 09:28:54+00:00","Ecology","4ade8e1"
"bgruening","2023-03-18 10:18:21+00:00","Ecology","92a1c45"
"bgruening","2023-03-18 11:17:34+00:00","Ecology","0bb8d4d"
"bgruening","2023-03-18 15:26:54+00:00","Ecology","988c04b"
"bgruening","2023-03-18 16:09:04+00:00","Ecology","075fd90"
"Marie59","2023-04-07 09:45:50+00:00","Ecology","546ca33"
"Marie59","2023-04-07 09:46:32+00:00","Ecology","57866c6"
"bgruening","2023-04-07 14:29:42+00:00","Ecology","0f33104"
"ColineRoyaux","2023-04-11 15:05:00+00:00","","b3572fe"
"ColineRoyaux","2023-04-11 15:34:55+00:00","","edc1a94"
"ColineRoyaux","2023-04-11 15:36:19+00:00","genetics","e2a320a"
"bgruening","2023-04-15 12:28:03+00:00","genetics","976e9f5"
"ColineRoyaux","2023-04-17 15:49:16+00:00","genetics","fc03f22"
"ColineRoyaux","2023-04-18 10:01:19+00:00","","5bc170c"
"ColineRoyaux","2023-04-18 16:37:20+00:00","genetics","69c3054"
"bgruening","2023-04-18 20:49:52+00:00","genetics","a902c5d"
"bgruening","2023-04-18 21:02:00+00:00","genetics","0b54a80"
"bgruening","2023-04-25 09:34:43+00:00","Sequence Analysis","c3776d6"
"bgruening","2023-04-25 09:36:14+00:00","Sequence Analysis","ecc21de"
"Marie59","2023-06-07 09:29:12+00:00","Ecology","ce44a8b"
"Marie59","2023-06-07 14:09:13+00:00","Ecology","51af9f5"
"Marie59","2023-06-07 14:11:12+00:00","Ecology","1a07786"
"bgruening","2023-06-07 14:14:00+00:00","Ecology","c06c786"
"Marie59","2023-06-07 14:15:10+00:00","Ecology","d1112ae"
"Marie59","2023-06-07 14:26:19+00:00","Ecology","fb002fd"
"bgruening","2023-06-08 08:11:50+00:00","Ecology","69bd23a"
"TanguyGen","2023-07-21 12:24:40+00:00","","7f6e25f"
"TanguyGen","2023-07-21 14:15:23+00:00","","1c3e74f"
"TanguyGen","2023-07-21 14:16:59+00:00","","a7ac309"
"TanguyGen","2023-07-21 14:20:18+00:00","Ecology","9fb0ca4"
"TanguyGen","2023-07-21 14:33:29+00:00","Ecology","de60d38"
"TanguyGen","2023-07-21 14:47:37+00:00","Ecology","3884633"
"TanguyGen","2023-07-21 14:49:24+00:00","Ecology","6092de2"
"TanguyGen","2023-07-21 14:55:57+00:00","Ecology","e46e8ea"
"TanguyGen","2023-07-21 15:01:13+00:00","","3695ea3"
"TanguyGen","2023-07-21 15:03:42+00:00","Ecology","c9fe4f2"
"yvanlebras","2023-07-21 15:32:22+00:00","Ecology","7758cf4"
"yvanlebras","2023-07-21 15:46:18+00:00","Ecology","4591ab7"
"yvanlebras","2023-07-21 15:54:34+00:00","Ecology","7a9d357"
"yvanlebras","2023-07-21 16:36:06+00:00","Ecology","2e1b13d"
"yvanlebras","2023-07-21 17:16:09+00:00","Ecology","2da87ff"
"bgruening","2023-07-22 02:19:33+00:00","Ecology","76130f6"
"yvanlebras","2023-07-22 08:33:28+00:00","Ecology","d4dce5c"
"yvanlebras","2023-07-22 08:34:51+00:00","Ecology","d98f8ef"
"yvanlebras","2023-07-22 12:17:11+00:00","Ecology","b0b8abb"
"yvanlebras","2023-07-22 12:33:05+00:00","Ecology","d8a6e0e"
"yvanlebras","2023-07-22 12:51:05+00:00","Ecology","d669666"
"yvanlebras","2023-07-22 12:52:00+00:00","Ecology","084d33d"
"yvanlebras","2023-07-22 12:56:06+00:00","Ecology","09f4b99"
"yvanlebras","2023-07-22 13:03:13+00:00","Ecology","ed32ef5"
"yvanlebras","2023-07-22 13:37:04+00:00","Ecology","91f0b86"
"yvanlebras","2023-07-22 14:01:11+00:00","Ecology","40903a0"
"yvanlebras","2023-07-22 14:03:14+00:00","Ecology","6b620a8"
"yvanlebras","2023-07-22 14:29:19+00:00","Ecology","db2af6e"
"yvanlebras","2023-07-22 14:29:37+00:00","Ecology","b396ed4"
"yvanlebras","2023-07-22 14:29:50+00:00","Ecology","7dc148e"
"yvanlebras","2023-07-22 14:30:04+00:00","Ecology","a4cde8e"
"yvanlebras","2023-07-22 14:30:16+00:00","Ecology","573cbb7"
"yvanlebras","2023-07-22 14:30:32+00:00","Ecology","5359f80"
"yvanlebras","2023-07-22 14:31:02+00:00","Ecology","f81185f"
"yvanlebras","2023-07-22 14:32:04+00:00","Ecology","2fd4a25"
"yvanlebras","2023-07-22 14:35:17+00:00","Ecology","c74b55f"
"yvanlebras","2023-07-23 08:00:09+00:00","Ecology","a854cdc"
"yvanlebras","2023-07-23 08:40:37+00:00","Ecology","89abb6e"
"yvanlebras","2023-07-23 08:52:52+00:00","Ecology","740d50e"
"yvanlebras","2023-07-23 09:34:47+00:00","Ecology","839b622"
"yvanlebras","2023-07-23 09:48:08+00:00","Ecology","d20a781"
"yvanlebras","2023-07-23 09:59:35+00:00","Ecology","7e856ef"
"yvanlebras","2023-07-23 10:33:19+00:00","Ecology","946bb8a"
"yvanlebras","2023-07-23 10:44:20+00:00","Ecology","2c83d84"
"bgruening","2023-07-23 10:58:19+00:00","Ecology","3bd8bd9"
"yvanlebras","2023-07-23 12:06:38+00:00","Ecology","75f19fa"
"yvanlebras","2023-07-23 12:28:33+00:00","Ecology","30399ff"
"yvanlebras","2023-07-23 12:29:20+00:00","Ecology","e540345"
"yvanlebras","2023-07-23 12:34:01+00:00","Ecology","fe0f26a"
"yvanlebras","2023-07-23 12:37:48+00:00","Ecology","adcaf32"
"yvanlebras","2023-07-23 12:42:30+00:00","Ecology","c5cdc69"
"yvanlebras","2023-07-23 12:57:46+00:00","Ecology","1aa8fda"
"yvanlebras","2023-07-23 13:12:43+00:00","Ecology","588af80"
"yvanlebras","2023-07-23 13:20:32+00:00","Ecology","1d3bc14"
"yvanlebras","2023-07-23 13:43:55+00:00","Ecology","4748889"
"yvanlebras","2023-07-23 13:47:04+00:00","Ecology","c4d9156"
"yvanlebras","2023-07-23 15:25:45+00:00","Ecology","b4f84a8"
"yvanlebras","2023-07-23 15:27:13+00:00","Ecology","e251d8c"
"yvanlebras","2023-07-23 15:30:05+00:00","Ecology","80370b6"
"yvanlebras","2023-07-23 19:17:28+00:00","Ecology","c238605"
"yvanlebras","2023-07-23 19:21:35+00:00","Ecology","9a7dc4c"
"yvanlebras","2023-07-23 19:55:32+00:00","Ecology","185427f"
"yvanlebras","2023-07-23 20:40:18+00:00","Ecology","a1a7235"
"yvanlebras","2023-07-23 20:45:02+00:00","Ecology","62e3d57"
"yvanlebras","2023-07-23 21:10:30+00:00","Ecology","9027c10"
"TanguyGen","2023-07-24 07:06:39+00:00","Ecology","f8a710d"
"TanguyGen","2023-07-24 07:13:52+00:00","Ecology","da4026f"
"TanguyGen","2023-07-24 09:23:46+00:00","","a1463ab"
"TanguyGen","2023-07-24 09:24:12+00:00","Ecology","0e05b32"
"TanguyGen","2023-07-24 10:04:56+00:00","Ecology","e6df7f7"
"TanguyGen","2023-07-24 10:09:26+00:00","Ecology","5bf4256"
"TanguyGen","2023-07-24 14:30:27+00:00","Ecology","c79f895"
"TanguyGen","2023-07-24 14:47:00+00:00","Ecology","5ba0b1c"
"TanguyGen","2023-07-24 14:54:37+00:00","Ecology","4140574"
"TanguyGen","2023-07-24 15:00:25+00:00","Ecology","e85720f"
"TanguyGen","2023-07-25 08:43:44+00:00","Ecology","4e705c2"
"TanguyGen","2023-07-25 08:46:06+00:00","Ecology","06409e6"
"TanguyGen","2023-07-25 08:49:56+00:00","Ecology","9e23dc5"
"TanguyGen","2023-07-25 09:21:05+00:00","Ecology","24ec7e5"
"TanguyGen","2023-07-25 09:25:21+00:00","Ecology","8d125fd"
"TanguyGen","2023-07-25 09:44:45+00:00","Ecology","3448334"
"TanguyGen","2023-07-25 10:01:37+00:00","Ecology","091e176"
"TanguyGen","2023-07-25 11:49:04+00:00","Ecology","bf6137a"
"TanguyGen","2023-07-25 13:30:30+00:00","Ecology","98b1b32"
"PaulineSGN","2023-07-26 07:55:22+00:00","","cfd4fdd"
"PaulineSGN","2023-07-26 07:57:36+00:00","","c76715c"
"PaulineSGN","2023-07-26 08:04:26+00:00","","76fd760"
"PaulineSGN","2023-07-26 08:52:17+00:00","Ecology","415fd9c"
"PaulineSGN","2023-07-26 09:53:49+00:00","Ecology","05f79ad"
"PaulineSGN","2023-07-26 09:55:43+00:00","Ecology","e872150"
"PaulineSGN","2023-07-26 09:57:07+00:00","Ecology","2c4c9dd"
"PaulineSGN","2023-07-26 09:57:27+00:00","Ecology","cf066b8"
"PaulineSGN","2023-07-26 09:57:46+00:00","Ecology","25072a1"
"PaulineSGN","2023-07-26 09:58:04+00:00","Ecology","f03f583"
"PaulineSGN","2023-07-26 09:58:37+00:00","Ecology","9405171"
"PaulineSGN","2023-07-26 10:04:29+00:00","Ecology","06b0db2"
"PaulineSGN","2023-07-26 10:05:44+00:00","Ecology","580f4a7"
"PaulineSGN","2023-07-26 10:06:38+00:00","Ecology","e5ae65a"
"PaulineSGN","2023-07-26 12:58:15+00:00","Ecology","70831a8"
"PaulineSGN","2023-07-26 13:02:33+00:00","Ecology","41d82c7"
"PaulineSGN","2023-07-26 13:03:09+00:00","Ecology","7f6b1ed"
"PaulineSGN","2023-07-26 13:04:11+00:00","Ecology","07ca2a7"
"PaulineSGN","2023-07-26 13:04:45+00:00","Ecology","44654b4"
"TanguyGen","2023-07-26 13:36:38+00:00","Ecology","ee2fa6f"
"TanguyGen","2023-07-26 13:38:25+00:00","Ecology","3c5dcf2"
"PaulineSGN","2023-07-26 13:50:50+00:00","Ecology","7129034"
"PaulineSGN","2023-07-26 13:52:14+00:00","Ecology","7e6e410"
"PaulineSGN","2023-07-26 13:53:33+00:00","Ecology","55af63d"
"PaulineSGN","2023-07-26 13:54:51+00:00","Ecology","6e1f875"
"TanguyGen","2023-07-26 14:25:44+00:00","Ecology","2da11df"
"PaulineSGN","2023-07-26 14:37:01+00:00","Ecology","023bad8"
"TanguyGen","2023-07-26 14:42:26+00:00","Ecology","1b39a2e"
"TanguyGen","2023-07-26 14:49:22+00:00","Ecology","b276bd4"
"TanguyGen","2023-07-26 15:03:35+00:00","Ecology","a17ce63"
"TanguyGen","2023-07-26 15:04:26+00:00","Ecology","1e88df1"
"PaulineSGN","2023-07-26 15:24:04+00:00","Ecology","ddd6dc0"
"PaulineSGN","2023-07-26 15:29:33+00:00","Ecology","0dcb7a6"
"PaulineSGN","2023-07-27 19:34:50+00:00","Ecology","7b0c68e"
"PaulineSGN","2023-07-27 20:28:13+00:00","Ecology","155f02f"
"yvanlebras","2023-09-13 04:08:20+00:00","Ecology","b4e4ab0"
"yvanlebras","2023-09-13 04:11:39+00:00","Ecology","9e471aa"
"yvanlebras","2023-09-13 05:39:28+00:00","Ecology","bf50d71"
"bgruening","2023-09-13 19:35:37+00:00","Ecology","2d13964"
"yvanlebras","2023-09-20 19:00:06+00:00","Ecology","a851cd6"
"yvanlebras","2023-09-20 19:05:05+00:00","Ecology","d8585e8"
"yvanlebras","2023-10-03 02:59:03+00:00","Ecology","0f3076a"
"yvanlebras","2023-10-03 12:29:40+00:00","Ecology","7abe74c"
"yvanlebras","2023-10-03 12:34:13+00:00","Ecology","ed0616a"
"yvanlebras","2023-10-03 12:34:41+00:00","Ecology","57638ef"
"yvanlebras","2023-10-03 12:35:11+00:00","Ecology","13fa2a9"
"yvanlebras","2023-10-03 12:35:42+00:00","Ecology","8a3f4bb"
"yvanlebras","2023-10-03 12:40:06+00:00","Ecology","b3a6f6f"
"yvanlebras","2023-10-03 12:41:39+00:00","Ecology","14ddffa"
"yvanlebras","2023-10-03 12:44:11+00:00","Ecology","df4959a"
"yvanlebras","2023-10-03 12:45:13+00:00","Ecology","eafea99"
"yvanlebras","2023-10-03 12:45:35+00:00","Ecology","e0f90ee"
"yvanlebras","2023-10-03 12:53:27+00:00","Ecology","16a1cd6"
"yvanlebras","2023-10-03 12:57:46+00:00","Ecology","7feac77"
"yvanlebras","2023-10-03 13:00:02+00:00","Ecology","4c5ca55"
"yvanlebras","2023-10-10 15:14:59+00:00","Ecology","7791c85"
"yvanlebras","2023-10-17 01:16:12+00:00","Ecology","27d7955"
"yvanlebras","2023-10-17 01:46:54+00:00","Ecology","b557a47"
"yvanlebras","2023-10-17 01:53:49+00:00","Ecology","3dd6f7a"
"yvanlebras","2023-10-17 13:22:39+00:00","Ecology","641a397"
"yvanlebras","2023-10-17 14:19:05+00:00","Ecology","6526ec7"
"bgruening","2023-10-17 16:16:53+00:00","Ecology","3535481"
"bgruening","2023-10-18 07:54:55+00:00","","ab89e1b"
"bgruening","2023-10-18 07:55:12+00:00","","d09bb47"
"bgruening","2023-10-18 07:55:49+00:00","","612e039"
"bgruening","2023-10-18 09:48:00+00:00","Ecology","2a2ae89"
"PaulineSGN","2023-11-10 14:24:41+00:00","Ecology","a9112aa"
"PaulineSGN","2023-11-10 14:32:42+00:00","Ecology","fe002ee"
"PaulineSGN","2023-11-10 14:39:47+00:00","Ecology","e313ce6"
"PaulineSGN","2023-11-10 14:40:27+00:00","Ecology","6ebef53"
"PaulineSGN","2023-11-10 14:41:53+00:00","Ecology","d406b94"
"PaulineSGN","2023-11-10 14:42:55+00:00","Ecology","044fea5"
"PaulineSGN","2023-11-10 14:45:04+00:00","Ecology","1f28fb7"
"PaulineSGN","2023-11-10 15:52:33+00:00","Ecology","0731b20"
"PaulineSGN","2023-11-10 15:53:19+00:00","Ecology","b27d4b6"
"PaulineSGN","2023-11-17 16:07:24+00:00","Ecology","c39eed5"
"yvanlebras","2023-11-17 16:55:59+00:00","Ecology","5f7298d"
"yvanlebras","2023-11-25 15:02:14+00:00","Ecology","3f11e19"
"PaulineSGN","2023-11-30 13:12:35+00:00","Ecology","25cabef"
"PaulineSGN","2023-11-30 13:30:58+00:00","Ecology","eb5a543"
"PaulineSGN","2023-11-30 13:44:25+00:00","Ecology","34a8c63"
"yvanlebras","2023-12-02 01:18:12+00:00","Ecology","a7c4c58"
"yvanlebras","2023-12-02 01:18:53+00:00","Ecology","e2e42e9"
"yvanlebras","2023-12-02 01:19:17+00:00","Ecology","4a17e6e"
"yvanlebras","2023-12-02 01:20:36+00:00","Ecology","a760c16"
"yvanlebras","2023-12-02 01:25:48+00:00","Ecology","ec4bb36"
"yvanlebras","2023-12-02 01:26:34+00:00","Ecology","0dc07ea"
"yvanlebras","2023-12-02 01:27:13+00:00","Ecology","8a47081"
"yvanlebras","2023-12-02 01:28:06+00:00","Ecology","2af1737"
"yvanlebras","2023-12-02 01:28:58+00:00","Ecology","8141fc6"
"yvanlebras","2023-12-02 01:37:47+00:00","Ecology","ea09df2"
"yvanlebras","2023-12-04 09:30:43+00:00","Ecology","99ead74"
"yvanlebras","2023-12-04 09:32:08+00:00","Ecology","b558a85"
"yvanlebras","2023-12-04 09:32:40+00:00","Ecology","c92194f"
"yvanlebras","2023-12-04 09:33:27+00:00","Ecology","d24f44b"
"yvanlebras","2023-12-04 09:34:18+00:00","Ecology","e941bb7"
"yvanlebras","2023-12-04 09:35:04+00:00","Ecology","2a9a892"
"yvanlebras","2023-12-04 09:35:27+00:00","Ecology","56b03e0"
"bgruening","2023-12-04 11:57:38+00:00","Ecology","5c327a7"
